key,value
ISO3,KOR
HDR Country Name,Korea (Republic of)
Human Development Groups,Very High
UNDP Developeing Regions,
HDI Rank (2021),19
Human Development Index (value) (1990),.737
Human Development Index (value) (1991),.747
Human Development Index (value) (1992),.754
Human Development Index (value) (1993),.763
Human Development Index (value) (1994),.773
Human Development Index (value) (1995),.783
Human Development Index (value) (1996),.793
Human Development Index (value) (1997),.806
Human Development Index (value) (1998),.804
Human Development Index (value) (1999),.8149999999999999
Human Development Index (value) (2000),.825
Human Development Index (value) (2001),.833
Human Development Index (value) (2002),.84
Human Development Index (value) (2003),.844
Human Development Index (value) (2004),.852
Human Development Index (value) (2005),.86
Human Development Index (value) (2006),.866
Human Development Index (value) (2007),.871
Human Development Index (value) (2008),.875
Human Development Index (value) (2009),.877
Human Development Index (value) (2010),.89
Human Development Index (value) (2011),.896
Human Development Index (value) (2012),.897
Human Development Index (value) (2013),.901
Human Development Index (value) (2014),.906
Human Development Index (value) (2015),.909
Human Development Index (value) (2016),.912
Human Development Index (value) (2017),.916
Human Development Index (value) (2018),.919
Human Development Index (value) (2019),.923
Human Development Index (value) (2020),.922
Human Development Index (value) (2021),.925
Life Expectancy at Birth (years) (1990),71.9401
Life Expectancy at Birth (years) (1991),72.4207
Life Expectancy at Birth (years) (1992),72.9564
Life Expectancy at Birth (years) (1993),73.283
Life Expectancy at Birth (years) (1994),73.61109999999999
Life Expectancy at Birth (years) (1995),73.9409
Life Expectancy at Birth (years) (1996),74.2757
Life Expectancy at Birth (years) (1997),74.97069999999999
Life Expectancy at Birth (years) (1998),75.4636
Life Expectancy at Birth (years) (1999),76.0027
Life Expectancy at Birth (years) (2000),76.4661
Life Expectancy at Birth (years) (2001),77.2697
Life Expectancy at Birth (years) (2002),77.54349999999999
Life Expectancy at Birth (years) (2003),77.54730000000001
Life Expectancy at Birth (years) (2004),78.006
Life Expectancy at Birth (years) (2005),78.5192
Life Expectancy at Birth (years) (2006),79.0754
Life Expectancy at Birth (years) (2007),79.48
Life Expectancy at Birth (years) (2008),80.0441
Life Expectancy at Birth (years) (2009),80.5759
Life Expectancy at Birth (years) (2010),80.76300000000001
Life Expectancy at Birth (years) (2011),81.2098
Life Expectancy at Birth (years) (2012),81.3473
Life Expectancy at Birth (years) (2013),81.86369999999999
Life Expectancy at Birth (years) (2014),82.3781
Life Expectancy at Birth (years) (2015),82.5605
Life Expectancy at Birth (years) (2016),82.9259
Life Expectancy at Birth (years) (2017),83.2855
Life Expectancy at Birth (years) (2018),83.34269999999999
Life Expectancy at Birth (years) (2019),83.6557
Life Expectancy at Birth (years) (2020),83.60890000000001
Life Expectancy at Birth (years) (2021),83.6978
Expected Years of Schooling (years) (1990),13.58104992
Expected Years of Schooling (years) (1991),13.70800972
Expected Years of Schooling (years) (1992),13.71677971
Expected Years of Schooling (years) (1993),13.93517971
Expected Years of Schooling (years) (1994),14.24011993
Expected Years of Schooling (years) (1995),14.50240993
Expected Years of Schooling (years) (1996),14.8838501
Expected Years of Schooling (years) (1997),15.49927998
Expected Years of Schooling (years) (1998),15.20499992
Expected Years of Schooling (years) (1999),15.42980003
Expected Years of Schooling (years) (2000),15.63064957
Expected Years of Schooling (years) (2001),15.68307972
Expected Years of Schooling (years) (2002),15.72852039
Expected Years of Schooling (years) (2003),15.91106033
Expected Years of Schooling (years) (2004),16.10050011
Expected Years of Schooling (years) (2005),16.30055046
Expected Years of Schooling (years) (2006),16.44425964
Expected Years of Schooling (years) (2007),16.65792084
Expected Years of Schooling (years) (2008),16.73542023
Expected Years of Schooling (years) (2009),16.77609062
Expected Years of Schooling (years) (2010),16.84815979
Expected Years of Schooling (years) (2011),16.87137985
Expected Years of Schooling (years) (2012),16.74004936
Expected Years of Schooling (years) (2013),16.65020943
Expected Years of Schooling (years) (2014),16.64546013
Expected Years of Schooling (years) (2015),16.60309982
Expected Years of Schooling (years) (2016),16.50547028
Expected Years of Schooling (years) (2017),16.4816494
Expected Years of Schooling (years) (2018),16.49395943
Expected Years of Schooling (years) (2019),16.52173996
Expected Years of Schooling (years) (2020),16.52173996
Expected Years of Schooling (years) (2021),16.52173996
Mean Years of Schooling (years) (1990),9.27328968
Mean Years of Schooling (years) (1991),9.418097686999999
Mean Years of Schooling (years) (1992),9.562905692999999
Mean Years of Schooling (years) (1993),9.707713698999999
Mean Years of Schooling (years) (1994),9.852521705999999
Mean Years of Schooling (years) (1995),9.997329712000001
Mean Years of Schooling (years) (1996),10.12222176
Mean Years of Schooling (years) (1997),10.2471138
Mean Years of Schooling (years) (1998),10.37200584
Mean Years of Schooling (years) (1999),10.49689789
Mean Years of Schooling (years) (2000),10.62178993
Mean Years of Schooling (years) (2001),10.74614601
Mean Years of Schooling (years) (2002),10.87050209
Mean Years of Schooling (years) (2003),10.99485817
Mean Years of Schooling (years) (2004),11.11921425
Mean Years of Schooling (years) (2005),11.24357033
Mean Years of Schooling (years) (2006),11.15105033
Mean Years of Schooling (years) (2007),11.05853033
Mean Years of Schooling (years) (2008),10.96601033
Mean Years of Schooling (years) (2009),10.87349033
Mean Years of Schooling (years) (2010),11.6382103
Mean Years of Schooling (years) (2011),11.73383427
Mean Years of Schooling (years) (2012),11.82945824
Mean Years of Schooling (years) (2013),11.92508221
Mean Years of Schooling (years) (2014),12.02070618
Mean Years of Schooling (years) (2015),12.11633015
Mean Years of Schooling (years) (2016),12.21428586
Mean Years of Schooling (years) (2017),12.31303351
Mean Years of Schooling (years) (2018),12.41257949
Mean Years of Schooling (years) (2019),12.51293027
Mean Years of Schooling (years) (2020),12.51293027
Mean Years of Schooling (years) (2021),12.51293027
Gross National Income Per Capita (2017 PPP$) (1990),12641.31667
Gross National Income Per Capita (2017 PPP$) (1991),13865.72172
Gross National Income Per Capita (2017 PPP$) (1992),14567.79055
Gross National Income Per Capita (2017 PPP$) (1993),15412.08635
Gross National Income Per Capita (2017 PPP$) (1994),16649.35858
Gross National Income Per Capita (2017 PPP$) (1995),18043.99441
Gross National Income Per Capita (2017 PPP$) (1996),19287.69497
Gross National Income Per Capita (2017 PPP$) (1997),20246.02269
Gross National Income Per Capita (2017 PPP$) (1998),18907.77671
Gross National Income Per Capita (2017 PPP$) (1999),20978.02754
Gross National Income Per Capita (2017 PPP$) (2000),22801.04448
Gross National Income Per Capita (2017 PPP$) (2001),23724.11341
Gross National Income Per Capita (2017 PPP$) (2002),25490.7206
Gross National Income Per Capita (2017 PPP$) (2003),26163.70029
Gross National Income Per Capita (2017 PPP$) (2004),27465.43359
Gross National Income Per Capita (2017 PPP$) (2005),28433.86694
Gross National Income Per Capita (2017 PPP$) (2006),29901.61423
Gross National Income Per Capita (2017 PPP$) (2007),31488.49601
Gross National Income Per Capita (2017 PPP$) (2008),32281.54194
Gross National Income Per Capita (2017 PPP$) (2009),32312.88003
Gross National Income Per Capita (2017 PPP$) (2010),34443.54124
Gross National Income Per Capita (2017 PPP$) (2011),35598.27827
Gross National Income Per Capita (2017 PPP$) (2012),36410.47352
Gross National Income Per Capita (2017 PPP$) (2013),37248.45937
Gross National Income Per Capita (2017 PPP$) (2014),38144.21084
Gross National Income Per Capita (2017 PPP$) (2015),38948.32998
Gross National Income Per Capita (2017 PPP$) (2016),39959.57395
Gross National Income Per Capita (2017 PPP$) (2017),41124.36929
Gross National Income Per Capita (2017 PPP$) (2018),42115.21132
Gross National Income Per Capita (2017 PPP$) (2019),43163.03806
Gross National Income Per Capita (2017 PPP$) (2020),42698.12802
Gross National Income Per Capita (2017 PPP$) (2021),44500.93187
GDI Group (2021),3
Gender Development Index (value) (1990),.897
Gender Development Index (value) (1991),.9
Gender Development Index (value) (1992),.903
Gender Development Index (value) (1993),.924
Gender Development Index (value) (1994),.924
Gender Development Index (value) (1995),.927
Gender Development Index (value) (1996),.929
Gender Development Index (value) (1997),.93
Gender Development Index (value) (1998),.925
Gender Development Index (value) (1999),.925
Gender Development Index (value) (2000),.927
Gender Development Index (value) (2001),.928
Gender Development Index (value) (2002),.927
Gender Development Index (value) (2003),.927
Gender Development Index (value) (2004),.93
Gender Development Index (value) (2005),.931
Gender Development Index (value) (2006),.9320000000000001
Gender Development Index (value) (2007),.9320000000000001
Gender Development Index (value) (2008),.9330000000000001
Gender Development Index (value) (2009),.923
Gender Development Index (value) (2010),.929
Gender Development Index (value) (2011),.929
Gender Development Index (value) (2012),.931
Gender Development Index (value) (2013),.9320000000000001
Gender Development Index (value) (2014),.9340000000000001
Gender Development Index (value) (2015),.9340000000000001
Gender Development Index (value) (2016),.9360000000000001
Gender Development Index (value) (2017),.9379999999999999
Gender Development Index (value) (2018),.9409999999999999
Gender Development Index (value) (2019),.9429999999999999
Gender Development Index (value) (2020),.9429999999999999
Gender Development Index (value) (2021),.944
HDI female (1990),.6894306167526723
HDI female (1991),.7003957004879761
HDI female (1992),.7083382234006091
HDI female (1993),.7281516071436578
HDI female (1994),.7383393103175824
HDI female (1995),.7492700375995377
HDI female (1996),.7598453235771888
HDI female (1997),.7730657156470804
HDI female (1998),.7680344654700542
HDI female (1999),.7793657317953866
HDI female (2000),.7898150883365161
HDI female (2001),.7980204285121925
HDI female (2002),.8044600462830598
HDI female (2003),.8087305947212681
HDI female (2004),.8178794709018632
HDI female (2005),.8256386534051461
HDI female (2006),.8315113746304261
HDI female (2007),.8367660614218373
HDI female (2008),.8409875413240862
HDI female (2009),.8363117507509236
HDI female (2010),.8521955723691685
HDI female (2011),.8573463458058834
HDI female (2012),.8600952630351695
HDI female (2013),.8643594173331811
HDI female (2014),.8696165492857777
HDI female (2015),.8720709790130265
HDI female (2016),.8765168569839596
HDI female (2017),.8814885452469555
HDI female (2018),.8859160861407188
HDI female (2019),.8914791148725441
HDI female (2020),.8909693408534537
HDI female (2021),.8936877738056653
"Life Expectancy at Birth, female (years) (1990)",76.40430000000001
"Life Expectancy at Birth, female (years) (1991)",76.8912
"Life Expectancy at Birth, female (years) (1992)",77.4055
"Life Expectancy at Birth, female (years) (1993)",77.5645
"Life Expectancy at Birth, female (years) (1994)",77.8857
"Life Expectancy at Birth, female (years) (1995)",78.15309999999999
"Life Expectancy at Birth, female (years) (1996)",78.43980000000001
"Life Expectancy at Birth, female (years) (1997)",79.0124
"Life Expectancy at Birth, female (years) (1998)",79.41889999999999
"Life Expectancy at Birth, female (years) (1999)",79.8032
"Life Expectancy at Birth, female (years) (2000)",80.19799999999999
"Life Expectancy at Birth, female (years) (2001)",80.9684
"Life Expectancy at Birth, female (years) (2002)",81.0659
"Life Expectancy at Birth, female (years) (2003)",81.0518
"Life Expectancy at Birth, female (years) (2004)",81.5209
"Life Expectancy at Birth, female (years) (2005)",81.93429999999999
"Life Expectancy at Birth, female (years) (2006)",82.5043
"Life Expectancy at Birth, female (years) (2007)",82.8305
"Life Expectancy at Birth, female (years) (2008)",83.4907
"Life Expectancy at Birth, female (years) (2009)",83.9838
"Life Expectancy at Birth, female (years) (2010)",84.19750000000001
"Life Expectancy at Birth, female (years) (2011)",84.593
"Life Expectancy at Birth, female (years) (2012)",84.7415
"Life Expectancy at Birth, female (years) (2013)",85.19450000000001
"Life Expectancy at Birth, female (years) (2014)",85.71169999999999
"Life Expectancy at Birth, female (years) (2015)",85.7843
"Life Expectancy at Birth, female (years) (2016)",86.0955
"Life Expectancy at Birth, female (years) (2017)",86.39619999999999
"Life Expectancy at Birth, female (years) (2018)",86.4504
"Life Expectancy at Birth, female (years) (2019)",86.7055
"Life Expectancy at Birth, female (years) (2020)",86.70189999999999
"Life Expectancy at Birth, female (years) (2021)",86.7603
"Expected Years of Schooling, female (years) (1990)",12.82516956
"Expected Years of Schooling, female (years) (1991)",12.98526955
"Expected Years of Schooling, female (years) (1992)",13.03769016
"Expected Years of Schooling, female (years) (1993)",13.34525013
"Expected Years of Schooling, female (years) (1994)",13.59554005
"Expected Years of Schooling, female (years) (1995)",13.91765976
"Expected Years of Schooling, female (years) (1996)",14.25092983
"Expected Years of Schooling, female (years) (1997)",14.79113007
"Expected Years of Schooling, female (years) (1998)",14.42127991
"Expected Years of Schooling, female (years) (1999)",14.56550026
"Expected Years of Schooling, female (years) (2000)",14.67747021
"Expected Years of Schooling, female (years) (2001)",14.72688961
"Expected Years of Schooling, female (years) (2002)",14.78971958
"Expected Years of Schooling, female (years) (2003)",14.97614956
"Expected Years of Schooling, female (years) (2004)",15.19056988
"Expected Years of Schooling, female (years) (2005)",15.41187954
"Expected Years of Schooling, female (years) (2006)",15.5622797
"Expected Years of Schooling, female (years) (2007)",15.79028988
"Expected Years of Schooling, female (years) (2008)",15.8881197
"Expected Years of Schooling, female (years) (2009)",15.92940998
"Expected Years of Schooling, female (years) (2010)",16.01057053
"Expected Years of Schooling, female (years) (2011)",16.03019905
"Expected Years of Schooling, female (years) (2012)",15.9362402
"Expected Years of Schooling, female (years) (2013)",15.89122009
"Expected Years of Schooling, female (years) (2014)",15.93206978
"Expected Years of Schooling, female (years) (2015)",15.93994045
"Expected Years of Schooling, female (years) (2016)",15.89490032
"Expected Years of Schooling, female (years) (2017)",15.91374969
"Expected Years of Schooling, female (years) (2018)",15.97784042
"Expected Years of Schooling, female (years) (2019)",16.06004906
"Expected Years of Schooling, female (years) (2020)",16.06004906
"Expected Years of Schooling, female (years) (2021)",16.06004906
"Mean Years of Schooling, female (years) (1990)",8.084269524
"Mean Years of Schooling, female (years) (1991)",8.234223557
"Mean Years of Schooling, female (years) (1992)",8.384177589
"Mean Years of Schooling, female (years) (1993)",8.534131622
"Mean Years of Schooling, female (years) (1994)",8.684085655000001
"Mean Years of Schooling, female (years) (1995)",8.834039688000001
"Mean Years of Schooling, female (years) (1996)",8.995927811
"Mean Years of Schooling, female (years) (1997)",9.157815933
"Mean Years of Schooling, female (years) (1998)",9.319704056000001
"Mean Years of Schooling, female (years) (1999)",9.481592178
"Mean Years of Schooling, female (years) (2000)",9.643480301
"Mean Years of Schooling, female (years) (2001)",9.787674332
"Mean Years of Schooling, female (years) (2002)",9.931868361999999
"Mean Years of Schooling, female (years) (2003)",10.07606239
"Mean Years of Schooling, female (years) (2004)",10.22025642
"Mean Years of Schooling, female (years) (2005)",10.36445045
"Mean Years of Schooling, female (years) (2006)",10.27032781
"Mean Years of Schooling, female (years) (2007)",10.17620516
"Mean Years of Schooling, female (years) (2008)",10.08208251
"Mean Years of Schooling, female (years) (2009)",9.987959862
"Mean Years of Schooling, female (years) (2010)",10.8644104
"Mean Years of Schooling, female (years) (2011)",10.97289429
"Mean Years of Schooling, female (years) (2012)",11.08137817
"Mean Years of Schooling, female (years) (2013)",11.18986206
"Mean Years of Schooling, female (years) (2014)",11.29834595
"Mean Years of Schooling, female (years) (2015)",11.40682983
"Mean Years of Schooling, female (years) (2016)",11.51852122
"Mean Years of Schooling, female (years) (2017)",11.63130625
"Mean Years of Schooling, female (years) (2018)",11.74519563
"Mean Years of Schooling, female (years) (2019)",11.86020016
"Mean Years of Schooling, female (years) (2020)",11.86020016
"Mean Years of Schooling, female (years) (2021)",11.86020016
"Gross National Income Per Capita, female (2017 PPP$) (1990)",6540.419800663371
"Gross National Income Per Capita, female (2017 PPP$) (1991)",7219.776718569872
"Gross National Income Per Capita, female (2017 PPP$) (1992)",7679.000071197915
"Gross National Income Per Capita, female (2017 PPP$) (1993)",9996.668608176167
"Gross National Income Per Capita, female (2017 PPP$) (1994)",10858.02282271024
"Gross National Income Per Capita, female (2017 PPP$) (1995)",11855.85154373077
"Gross National Income Per Capita, female (2017 PPP$) (1996)",12781.52543592055
"Gross National Income Per Capita, female (2017 PPP$) (1997)",13596.36858169807
"Gross National Income Per Capita, female (2017 PPP$) (1998)",12340.76632551878
"Gross National Income Per Capita, female (2017 PPP$) (1999)",13877.24228253011
"Gross National Income Per Capita, female (2017 PPP$) (2000)",15436.28092892639
"Gross National Income Per Capita, female (2017 PPP$) (2001)",16180.7410985777
"Gross National Income Per Capita, female (2017 PPP$) (2002)",17345.6039473789
"Gross National Income Per Capita, female (2017 PPP$) (2003)",17594.11042467133
"Gross National Income Per Capita, female (2017 PPP$) (2004)",18683.67715508601
"Gross National Income Per Capita, female (2017 PPP$) (2005)",19391.63382030121
"Gross National Income Per Capita, female (2017 PPP$) (2006)",20486.65651964985
"Gross National Income Per Capita, female (2017 PPP$) (2007)",21538.07516609018
"Gross National Income Per Capita, female (2017 PPP$) (2008)",22096.51622931698
"Gross National Income Per Capita, female (2017 PPP$) (2009)",19625.43287882843
"Gross National Income Per Capita, female (2017 PPP$) (2010)",21050.69704893293
"Gross National Income Per Capita, female (2017 PPP$) (2011)",21803.16208081119
"Gross National Income Per Capita, female (2017 PPP$) (2012)",22518.21725635737
"Gross National Income Per Capita, female (2017 PPP$) (2013)",23097.24362738049
"Gross National Income Per Capita, female (2017 PPP$) (2014)",23627.1031890483
"Gross National Income Per Capita, female (2017 PPP$) (2015)",23970.53611608186
"Gross National Income Per Capita, female (2017 PPP$) (2016)",24959.44317412077
"Gross National Income Per Capita, female (2017 PPP$) (2017)",25957.17501314385
"Gross National Income Per Capita, female (2017 PPP$) (2018)",27064.17310476781
"Gross National Income Per Capita, female (2017 PPP$) (2019)",28230.02724731015
"Gross National Income Per Capita, female (2017 PPP$) (2020)",27967.05378202104
"Gross National Income Per Capita, female (2017 PPP$) (2021)",29299.89346919726
HDI male (1990),.7689987292395386
HDI male (1991),.7783952875590739
HDI male (1992),.7846180008046445
HDI male (1993),.7884000092641212
HDI male (1994),.7987933469597051
HDI male (1995),.8081046311462444
HDI male (1996),.8181145840274774
HDI male (1997),.831462491434389
HDI male (1998),.8304893481798756
HDI male (1999),.8424693084484013
HDI male (2000),.8523085660773156
HDI male (2001),.859974479684594
HDI male (2002),.8673669401876799
HDI male (2003),.8721714241831056
HDI male (2004),.8794030993439362
HDI male (2005),.8870305218279855
HDI male (2006),.8924573895768553
HDI male (2007),.8982976747284145
HDI male (2008),.9013693627708986
HDI male (2009),.9063494777015485
HDI male (2010),.9175631185826943
HDI male (2011),.9226762112720722
HDI male (2012),.9235684879045669
HDI male (2013),.9270578706464965
HDI male (2014),.9311707608015641
HDI male (2015),.9338488867033043
HDI male (2016),.9363958044157252
HDI male (2017),.9400109980336326
HDI male (2018),.9418801619134479
HDI male (2019),.9453342667392739
HDI male (2020),.9444709655732402
HDI male (2021),.9471205995323034
"Life Expectancy at Birth, male (years) (1990)",67.50360000000001
"Life Expectancy at Birth, male (years) (1991)",67.9884
"Life Expectancy at Birth, male (years) (1992)",68.52
"Life Expectancy at Birth, male (years) (1993)",68.9731
"Life Expectancy at Birth, male (years) (1994)",69.31
"Life Expectancy at Birth, male (years) (1995)",69.6922
"Life Expectancy at Birth, male (years) (1996)",70.06829999999999
"Life Expectancy at Birth, male (years) (1997)",70.8241
"Life Expectancy at Birth, male (years) (1998)",71.3717
"Life Expectancy at Birth, male (years) (1999)",72.026
"Life Expectancy at Birth, male (years) (2000)",72.5453
"Life Expectancy at Birth, male (years) (2001)",73.3477
"Life Expectancy at Birth, male (years) (2002)",73.7777
"Life Expectancy at Birth, male (years) (2003)",73.83240000000001
"Life Expectancy at Birth, male (years) (2004)",74.2816
"Life Expectancy at Birth, male (years) (2005)",74.8738
"Life Expectancy at Birth, male (years) (2006)",75.4087
"Life Expectancy at Birth, male (years) (2007)",75.87139999999999
"Life Expectancy at Birth, male (years) (2008)",76.3318
"Life Expectancy at Birth, male (years) (2009)",76.8793
"Life Expectancy at Birth, male (years) (2010)",77.0575
"Life Expectancy at Birth, male (years) (2011)",77.54000000000001
"Life Expectancy at Birth, male (years) (2012)",77.6816
"Life Expectancy at Birth, male (years) (2013)",78.2319
"Life Expectancy at Birth, male (years) (2014)",78.7251
"Life Expectancy at Birth, male (years) (2015)",79.0192
"Life Expectancy at Birth, male (years) (2016)",79.4333
"Life Expectancy at Birth, male (years) (2017)",79.84480000000001
"Life Expectancy at Birth, male (years) (2018)",79.9344
"Life Expectancy at Birth, male (years) (2019)",80.3035
"Life Expectancy at Birth, male (years) (2020)",80.2428
"Life Expectancy at Birth, male (years) (2021)",80.38639999999999
"Expected Years of Schooling, male (years) (1990)",14.29572964
"Expected Years of Schooling, male (years) (1991)",14.39015961
"Expected Years of Schooling, male (years) (1992)",14.35688019
"Expected Years of Schooling, male (years) (1993)",14.49149036
"Expected Years of Schooling, male (years) (1994)",14.84957027
"Expected Years of Schooling, male (years) (1995)",15.05840015
"Expected Years of Schooling, male (years) (1996)",15.4881897
"Expected Years of Schooling, male (years) (1997)",16.17531013
"Expected Years of Schooling, male (years) (1998)",15.95594978
"Expected Years of Schooling, male (years) (1999)",16.25778961
"Expected Years of Schooling, male (years) (2000)",16.54169083
"Expected Years of Schooling, male (years) (2001)",16.59535027
"Expected Years of Schooling, male (years) (2002)",16.62598038
"Expected Years of Schooling, male (years) (2003)",16.80443001
"Expected Years of Schooling, male (years) (2004)",16.96884918
"Expected Years of Schooling, male (years) (2005)",17.14668083
"Expected Years of Schooling, male (years) (2006)",17.27898026
"Expected Years of Schooling, male (years) (2007)",17.47191048
"Expected Years of Schooling, male (years) (2008)",17.52072906
"Expected Years of Schooling, male (years) (2009)",17.54970932
"Expected Years of Schooling, male (years) (2010)",17.60317039
"Expected Years of Schooling, male (years) (2011)",17.6217804
"Expected Years of Schooling, male (years) (2012)",17.45282936
"Expected Years of Schooling, male (years) (2013)",17.32094955
"Expected Years of Schooling, male (years) (2014)",17.27249908
"Expected Years of Schooling, male (years) (2015)",17.18226051
"Expected Years of Schooling, male (years) (2016)",17.03570938
"Expected Years of Schooling, male (years) (2017)",16.97458076
"Expected Years of Schooling, male (years) (2018)",16.94371033
"Expected Years of Schooling, male (years) (2019)",16.92740059
"Expected Years of Schooling, male (years) (2020)",16.92740059
"Expected Years of Schooling, male (years) (2021)",16.92740059
"Mean Years of Schooling, male (years) (1990)",10.53159046
"Mean Years of Schooling, male (years) (1991)",10.67256241
"Mean Years of Schooling, male (years) (1992)",10.81353436
"Mean Years of Schooling, male (years) (1993)",10.9545063
"Mean Years of Schooling, male (years) (1994)",11.09547825
"Mean Years of Schooling, male (years) (1995)",11.2364502
"Mean Years of Schooling, male (years) (1996)",11.32085819
"Mean Years of Schooling, male (years) (1997)",11.40526619
"Mean Years of Schooling, male (years) (1998)",11.48967419
"Mean Years of Schooling, male (years) (1999)",11.57408218
"Mean Years of Schooling, male (years) (2000)",11.65849018
"Mean Years of Schooling, male (years) (2001)",11.76884613
"Mean Years of Schooling, male (years) (2002)",11.87920208
"Mean Years of Schooling, male (years) (2003)",11.98955803
"Mean Years of Schooling, male (years) (2004)",12.09991398
"Mean Years of Schooling, male (years) (2005)",12.21026993
"Mean Years of Schooling, male (years) (2006)",12.12369752
"Mean Years of Schooling, male (years) (2007)",12.03712511
"Mean Years of Schooling, male (years) (2008)",11.9505527
"Mean Years of Schooling, male (years) (2009)",11.86398029
"Mean Years of Schooling, male (years) (2010)",12.45993042
"Mean Years of Schooling, male (years) (2011)",12.53853226
"Mean Years of Schooling, male (years) (2012)",12.61713409
"Mean Years of Schooling, male (years) (2013)",12.69573593
"Mean Years of Schooling, male (years) (2014)",12.77433777
"Mean Years of Schooling, male (years) (2015)",12.85293961
"Mean Years of Schooling, male (years) (2016)",12.93301667
"Mean Years of Schooling, male (years) (2017)",13.01359264
"Mean Years of Schooling, male (years) (2018)",13.09467062
"Mean Years of Schooling, male (years) (2019)",13.17625373
"Mean Years of Schooling, male (years) (2020)",13.17625373
"Mean Years of Schooling, male (years) (2021)",13.17625373
"Gross National Income Per Capita, male (2017 PPP$) (1990)",18692.22743074661
"Gross National Income Per Capita, male (2017 PPP$) (1991)",20451.22605578709
"Gross National Income Per Capita, male (2017 PPP$) (1992)",21393.40153842552
"Gross National Income Per Capita, male (2017 PPP$) (1993)",20776.47337564341
"Gross National Income Per Capita, male (2017 PPP$) (1994)",22383.93825453131
"Gross National Income Per Capita, male (2017 PPP$) (1995)",24169.73980595029
"Gross National Income Per Capita, male (2017 PPP$) (1996)",25727.37522073936
"Gross National Income Per Capita, male (2017 PPP$) (1997)",26828.00407615735
"Gross National Income Per Capita, male (2017 PPP$) (1998)",25408.58293951044
"Gross National Income Per Capita, male (2017 PPP$) (1999)",28007.252661756
"Gross National Income Per Capita, male (2017 PPP$) (2000)",30091.76195118166
"Gross National Income Per Capita, male (2017 PPP$) (2001)",31199.3977560947
"Gross National Income Per Capita, male (2017 PPP$) (2002)",33578.34459213457
"Gross National Income Per Capita, male (2017 PPP$) (2003)",34689.90403616138
"Gross National Income Per Capita, male (2017 PPP$) (2004)",36221.18376353841
"Gross National Income Per Capita, male (2017 PPP$) (2005)",37468.12787342277
"Gross National Income Per Capita, male (2017 PPP$) (2006)",39324.07956894278
"Gross National Income Per Capita, male (2017 PPP$) (2007)",41460.46639876732
"Gross National Income Per Capita, male (2017 PPP$) (2008)",42502.85633911097
"Gross National Income Per Capita, male (2017 PPP$) (2009)",45063.6084662813
"Gross National Income Per Capita, male (2017 PPP$) (2010)",47917.9254975783
"Gross National Income Per Capita, male (2017 PPP$) (2011)",49466.28333650936
"Gross National Income Per Capita, male (2017 PPP$) (2012)",50344.05184051795
"Gross National Income Per Capita, male (2017 PPP$) (2013)",51410.50065374473
"Gross National Income Per Capita, male (2017 PPP$) (2014)",52641.66145701741
"Gross National Income Per Capita, male (2017 PPP$) (2015)",53878.20942315326
"Gross National Income Per Capita, male (2017 PPP$) (2016)",54909.76921056575
"Gross National Income Per Capita, male (2017 PPP$) (2017)",56260.85992749887
"Gross National Income Per Capita, male (2017 PPP$) (2018)",57155.15282083079
"Gross National Income Per Capita, male (2017 PPP$) (2019)",58104.64237980494
"Gross National Income Per Capita, male (2017 PPP$) (2020)",57452.8550222843
"Gross National Income Per Capita, male (2017 PPP$) (2021)",59737.33704073657
Inequality-adjusted Human Development Index (value) (2010),.795
Inequality-adjusted Human Development Index (value) (2011),.8
Inequality-adjusted Human Development Index (value) (2012),.804
Inequality-adjusted Human Development Index (value) (2013),.8080000000000001
Inequality-adjusted Human Development Index (value) (2014),.8139999999999999
Inequality-adjusted Human Development Index (value) (2015),.822
Inequality-adjusted Human Development Index (value) (2016),.825
Inequality-adjusted Human Development Index (value) (2017),.829
Inequality-adjusted Human Development Index (value) (2018),.832
Inequality-adjusted Human Development Index (value) (2019),.836
Inequality-adjusted Human Development Index (value) (2020),.835
Inequality-adjusted Human Development Index (value) (2021),.838
Coefficient of human inequality (2010),10.500912271
Coefficient of human inequality (2011),10.46424834133333
Coefficient of human inequality (2012),10.240774535
Coefficient of human inequality (2013),10.20518642933333
Coefficient of human inequality (2014),9.961027799
Coefficient of human inequality (2015),9.331684265333335
Coefficient of human inequality (2016),9.328740059666666
Coefficient of human inequality (2017),9.301127214666666
Coefficient of human inequality (2018),9.278031448
Coefficient of human inequality (2019),9.250767409333333
Coefficient of human inequality (2020),9.305038392
Coefficient of human inequality (2021),9.264535208
Overall loss (%) (2010),10.67415730337078
Overall loss (%) (2011),10.71428571428571
Overall loss (%) (2012),10.36789297658862
Overall loss (%) (2013),10.32186459489456
Overall loss (%) (2014),10.15452538631347
Overall loss (%) (2015),9.570957095709575
Overall loss (%) (2016),9.539473684210531
Overall loss (%) (2017),9.497816593886466
Overall loss (%) (2018),9.466811751904247
Overall loss (%) (2019),9.425785482123516
Overall loss (%) (2020),9.436008676789598
Overall loss (%) (2021),9.405405405405409
Inequality in life expectancy (2010),3.615665913
Inequality in life expectancy (2011),3.505674124
Inequality in life expectancy (2012),3.395252705
Inequality in life expectancy (2013),3.288488388
Inequality in life expectancy (2014),3.196012497
Inequality in life expectancy (2015),3.109010458
Inequality in life expectancy (2016),3.020177841
Inequality in life expectancy (2017),2.937339306
Inequality in life expectancy (2018),2.868052006
Inequality in life expectancy (2019),2.78625989
Inequality in life expectancy (2020),2.949072838
Inequality in life expectancy (2021),2.827563286
Inequality in eduation (2010),10.6370709
Inequality in eduation (2011),10.6370709
Inequality in eduation (2012),10.6370709
Inequality in eduation (2013),10.6370709
Inequality in eduation (2014),10.6370709
Inequality in eduation (2015),8.836042338
Inequality in eduation (2016),8.836042338
Inequality in eduation (2017),8.836042338
Inequality in eduation (2018),8.836042338
Inequality in eduation (2019),8.836042338
Inequality in eduation (2020),8.836042338
Inequality in eduation (2021),8.836042338
Inequality in income (2010),17.25
Inequality in income (2011),17.25
Inequality in income (2012),16.69
Inequality in income (2013),16.69
Inequality in income (2014),16.05
Inequality in income (2015),16.05
Inequality in income (2016),16.13
Inequality in income (2017),16.13
Inequality in income (2018),16.13
Inequality in income (2019),16.13
Inequality in income (2020),16.13
Inequality in income (2021),16.13
GII Rank (2021),15
Gender Inequality Index (value) (1990),.298
Gender Inequality Index (value) (1991),.29
Gender Inequality Index (value) (1992),.28
Gender Inequality Index (value) (1993),.265
Gender Inequality Index (value) (1994),.256
Gender Inequality Index (value) (1995),.249
Gender Inequality Index (value) (1996),.244
Gender Inequality Index (value) (1997),.236
Gender Inequality Index (value) (1998),.219
Gender Inequality Index (value) (1999),.212
Gender Inequality Index (value) (2000),.17
Gender Inequality Index (value) (2001),.161
Gender Inequality Index (value) (2002),.158
Gender Inequality Index (value) (2003),.159
Gender Inequality Index (value) (2004),.097
Gender Inequality Index (value) (2005),.1
Gender Inequality Index (value) (2006),.104
Gender Inequality Index (value) (2007),.107
Gender Inequality Index (value) (2008),.114
Gender Inequality Index (value) (2009),.113
Gender Inequality Index (value) (2010),.113
Gender Inequality Index (value) (2011),.113
Gender Inequality Index (value) (2012),.108
Gender Inequality Index (value) (2013),.108
Gender Inequality Index (value) (2014),.1
Gender Inequality Index (value) (2015),.096
Gender Inequality Index (value) (2016),.086
Gender Inequality Index (value) (2017),.08
Gender Inequality Index (value) (2018),.078
Gender Inequality Index (value) (2019),.078
Gender Inequality Index (value) (2020),.07
Gender Inequality Index (value) (2021),.067
"Maternal Mortality Ratio (deaths per 100,000 live births) (1990)",25
"Maternal Mortality Ratio (deaths per 100,000 live births) (1991)",24
"Maternal Mortality Ratio (deaths per 100,000 live births) (1992)",22
"Maternal Mortality Ratio (deaths per 100,000 live births) (1993)",21
"Maternal Mortality Ratio (deaths per 100,000 live births) (1994)",20
"Maternal Mortality Ratio (deaths per 100,000 live births) (1995)",20
"Maternal Mortality Ratio (deaths per 100,000 live births) (1996)",20
"Maternal Mortality Ratio (deaths per 100,000 live births) (1997)",19
"Maternal Mortality Ratio (deaths per 100,000 live births) (1998)",18
"Maternal Mortality Ratio (deaths per 100,000 live births) (1999)",17
"Maternal Mortality Ratio (deaths per 100,000 live births) (2000)",17
"Maternal Mortality Ratio (deaths per 100,000 live births) (2001)",15
"Maternal Mortality Ratio (deaths per 100,000 live births) (2002)",15
"Maternal Mortality Ratio (deaths per 100,000 live births) (2003)",16
"Maternal Mortality Ratio (deaths per 100,000 live births) (2004)",15
"Maternal Mortality Ratio (deaths per 100,000 live births) (2005)",15
"Maternal Mortality Ratio (deaths per 100,000 live births) (2006)",14
"Maternal Mortality Ratio (deaths per 100,000 live births) (2007)",15
"Maternal Mortality Ratio (deaths per 100,000 live births) (2008)",15
"Maternal Mortality Ratio (deaths per 100,000 live births) (2009)",16
"Maternal Mortality Ratio (deaths per 100,000 live births) (2010)",15
"Maternal Mortality Ratio (deaths per 100,000 live births) (2011)",14
"Maternal Mortality Ratio (deaths per 100,000 live births) (2012)",13
"Maternal Mortality Ratio (deaths per 100,000 live births) (2013)",13
"Maternal Mortality Ratio (deaths per 100,000 live births) (2014)",12
"Maternal Mortality Ratio (deaths per 100,000 live births) (2015)",12
"Maternal Mortality Ratio (deaths per 100,000 live births) (2016)",11
"Maternal Mortality Ratio (deaths per 100,000 live births) (2017)",11
"Maternal Mortality Ratio (deaths per 100,000 live births) (2018)",11
"Maternal Mortality Ratio (deaths per 100,000 live births) (2019)",11
"Maternal Mortality Ratio (deaths per 100,000 live births) (2020)",11
"Maternal Mortality Ratio (deaths per 100,000 live births) (2021)",11
"Adolescent Birth Rate (births per 1,000 women ages 15-19) (1990)",4.081
"Adolescent Birth Rate (births per 1,000 women ages 15-19) (1991)",3.694
"Adolescent Birth Rate (births per 1,000 women ages 15-19) (1992)",3.412
"Adolescent Birth Rate (births per 1,000 women ages 15-19) (1993)",2.796
"Adolescent Birth Rate (births per 1,000 women ages 15-19) (1994)",2.527
"Adolescent Birth Rate (births per 1,000 women ages 15-19) (1995)",2.306
"Adolescent Birth Rate (births per 1,000 women ages 15-19) (1996)",2.145
"Adolescent Birth Rate (births per 1,000 women ages 15-19) (1997)",2.041
"Adolescent Birth Rate (births per 1,000 women ages 15-19) (1998)",1.971
"Adolescent Birth Rate (births per 1,000 women ages 15-19) (1999)",1.895
"Adolescent Birth Rate (births per 1,000 women ages 15-19) (2000)",1.81
"Adolescent Birth Rate (births per 1,000 women ages 15-19) (2001)",1.71
"Adolescent Birth Rate (births per 1,000 women ages 15-19) (2002)",1.615
"Adolescent Birth Rate (births per 1,000 women ages 15-19) (2003)",1.538
"Adolescent Birth Rate (births per 1,000 women ages 15-19) (2004)",1.493
"Adolescent Birth Rate (births per 1,000 women ages 15-19) (2005)",1.74
"Adolescent Birth Rate (births per 1,000 women ages 15-19) (2006)",2.073
"Adolescent Birth Rate (births per 1,000 women ages 15-19) (2007)",2.292
"Adolescent Birth Rate (births per 1,000 women ages 15-19) (2008)",2.461
"Adolescent Birth Rate (births per 1,000 women ages 15-19) (2009)",2.472
"Adolescent Birth Rate (births per 1,000 women ages 15-19) (2010)",2.789
"Adolescent Birth Rate (births per 1,000 women ages 15-19) (2011)",2.966
"Adolescent Birth Rate (births per 1,000 women ages 15-19) (2012)",3.167
"Adolescent Birth Rate (births per 1,000 women ages 15-19) (2013)",3.226
"Adolescent Birth Rate (births per 1,000 women ages 15-19) (2014)",3.174
"Adolescent Birth Rate (births per 1,000 women ages 15-19) (2015)",2.987
"Adolescent Birth Rate (births per 1,000 women ages 15-19) (2016)",2.838
"Adolescent Birth Rate (births per 1,000 women ages 15-19) (2017)",2.473
"Adolescent Birth Rate (births per 1,000 women ages 15-19) (2018)",2.363
"Adolescent Birth Rate (births per 1,000 women ages 15-19) (2019)",2.387
"Adolescent Birth Rate (births per 1,000 women ages 15-19) (2020)",2.371
"Adolescent Birth Rate (births per 1,000 women ages 15-19) (2021)",2.211
"Share of seats in parliament, female (% held by women) (1990)",3.010033445
"Share of seats in parliament, female (% held by women) (1991)",3.010033445
"Share of seats in parliament, female (% held by women) (1992)",3.010033445
"Share of seats in parliament, female (% held by women) (1993)",3.010033445
"Share of seats in parliament, female (% held by women) (1994)",3.010033445
"Share of seats in parliament, female (% held by women) (1995)",3.010033445
"Share of seats in parliament, female (% held by women) (1996)",3.010033445
"Share of seats in parliament, female (% held by women) (1997)",3.010033445
"Share of seats in parliament, female (% held by women) (1998)",3.678929766
"Share of seats in parliament, female (% held by women) (1999)",3.678929766
"Share of seats in parliament, female (% held by women) (2000)",5.860805861
"Share of seats in parliament, female (% held by women) (2001)",5.860805861
"Share of seats in parliament, female (% held by women) (2002)",5.860805861
"Share of seats in parliament, female (% held by women) (2003)",5.860805861
"Share of seats in parliament, female (% held by women) (2004)",13.04347826
"Share of seats in parliament, female (% held by women) (2005)",13.37792642
"Share of seats in parliament, female (% held by women) (2006)",13.37792642
"Share of seats in parliament, female (% held by women) (2007)",14.3812709
"Share of seats in parliament, female (% held by women) (2008)",13.71237458
"Share of seats in parliament, female (% held by women) (2009)",14.71571906
"Share of seats in parliament, female (% held by women) (2010)",14.71571906
"Share of seats in parliament, female (% held by women) (2011)",14.71571906
"Share of seats in parliament, female (% held by women) (2012)",15.66666667
"Share of seats in parliament, female (% held by women) (2013)",15.66666667
"Share of seats in parliament, female (% held by women) (2014)",16.33333333
"Share of seats in parliament, female (% held by women) (2015)",16.33333333
"Share of seats in parliament, female (% held by women) (2016)",17
"Share of seats in parliament, female (% held by women) (2017)",17
"Share of seats in parliament, female (% held by women) (2018)",17
"Share of seats in parliament, female (% held by women) (2019)",16.66666667
"Share of seats in parliament, female (% held by women) (2020)",19
"Share of seats in parliament, female (% held by women) (2021)",19
"Share of seats in parliament, male (% held by men) (1990)",96.98996656
"Share of seats in parliament, male (% held by men) (1991)",96.98996656
"Share of seats in parliament, male (% held by men) (1992)",96.98996656
"Share of seats in parliament, male (% held by men) (1993)",96.98996656
"Share of seats in parliament, male (% held by men) (1994)",96.98996656
"Share of seats in parliament, male (% held by men) (1995)",96.98996656
"Share of seats in parliament, male (% held by men) (1996)",96.98996656
"Share of seats in parliament, male (% held by men) (1997)",96.98996656
"Share of seats in parliament, male (% held by men) (1998)",96.32107023
"Share of seats in parliament, male (% held by men) (1999)",96.32107023
"Share of seats in parliament, male (% held by men) (2000)",94.13919414
"Share of seats in parliament, male (% held by men) (2001)",94.13919414
"Share of seats in parliament, male (% held by men) (2002)",94.13919414
"Share of seats in parliament, male (% held by men) (2003)",94.13919414
"Share of seats in parliament, male (% held by men) (2004)",86.95652174
"Share of seats in parliament, male (% held by men) (2005)",86.62207358000001
"Share of seats in parliament, male (% held by men) (2006)",86.62207358000001
"Share of seats in parliament, male (% held by men) (2007)",85.6187291
"Share of seats in parliament, male (% held by men) (2008)",86.28762542
"Share of seats in parliament, male (% held by men) (2009)",85.28428094
"Share of seats in parliament, male (% held by men) (2010)",85.28428094
"Share of seats in parliament, male (% held by men) (2011)",85.28428094
"Share of seats in parliament, male (% held by men) (2012)",84.33333333
"Share of seats in parliament, male (% held by men) (2013)",84.33333333
"Share of seats in parliament, male (% held by men) (2014)",83.66666667
"Share of seats in parliament, male (% held by men) (2015)",83.66666667
"Share of seats in parliament, male (% held by men) (2016)",83
"Share of seats in parliament, male (% held by men) (2017)",83
"Share of seats in parliament, male (% held by men) (2018)",83
"Share of seats in parliament, male (% held by men) (2019)",83.33333333
"Share of seats in parliament, male (% held by men) (2020)",81
"Share of seats in parliament, male (% held by men) (2021)",81
"Labour force participation rate, female (% ages 15 and older) (1990)",46.721
"Labour force participation rate, female (% ages 15 and older) (1991)",46.868
"Labour force participation rate, female (% ages 15 and older) (1992)",46.853
"Labour force participation rate, female (% ages 15 and older) (1993)",46.814
"Labour force participation rate, female (% ages 15 and older) (1994)",47.581
"Labour force participation rate, female (% ages 15 and older) (1995)",48.156
"Labour force participation rate, female (% ages 15 and older) (1996)",48.655
"Labour force participation rate, female (% ages 15 and older) (1997)",49.55
"Labour force participation rate, female (% ages 15 and older) (1998)",46.843
"Labour force participation rate, female (% ages 15 and older) (1999)",47.403
"Labour force participation rate, female (% ages 15 and older) (2000)",49.183
"Labour force participation rate, female (% ages 15 and older) (2001)",49.81
"Labour force participation rate, female (% ages 15 and older) (2002)",50.231
"Labour force participation rate, female (% ages 15 and older) (2003)",49.319
"Labour force participation rate, female (% ages 15 and older) (2004)",50.55
"Labour force participation rate, female (% ages 15 and older) (2005)",50.63
"Labour force participation rate, female (% ages 15 and older) (2006)",50.872
"Labour force participation rate, female (% ages 15 and older) (2007)",50.789
"Labour force participation rate, female (% ages 15 and older) (2008)",50.502
"Labour force participation rate, female (% ages 15 and older) (2009)",49.678
"Labour force participation rate, female (% ages 15 and older) (2010)",49.895
"Labour force participation rate, female (% ages 15 and older) (2011)",50.081
"Labour force participation rate, female (% ages 15 and older) (2012)",50.299
"Labour force participation rate, female (% ages 15 and older) (2013)",50.621
"Labour force participation rate, female (% ages 15 and older) (2014)",51.803
"Labour force participation rate, female (% ages 15 and older) (2015)",52.296
"Labour force participation rate, female (% ages 15 and older) (2016)",52.516
"Labour force participation rate, female (% ages 15 and older) (2017)",53.029
"Labour force participation rate, female (% ages 15 and older) (2018)",53.137
"Labour force participation rate, female (% ages 15 and older) (2019)",53.737
"Labour force participation rate, female (% ages 15 and older) (2020)",53.072
"Labour force participation rate, female (% ages 15 and older) (2021)",53.391
"Labour force participation rate, male (% ages 15 and older) (1990)",73.602
"Labour force participation rate, male (% ages 15 and older) (1991)",74.628
"Labour force participation rate, male (% ages 15 and older) (1992)",75.232
"Labour force participation rate, male (% ages 15 and older) (1993)",75.273
"Labour force participation rate, male (% ages 15 and older) (1994)",75.92700000000001
"Labour force participation rate, male (% ages 15 and older) (1995)",76.03
"Labour force participation rate, male (% ages 15 and older) (1996)",75.86499999999999
"Labour force participation rate, male (% ages 15 and older) (1997)",75.739
"Labour force participation rate, male (% ages 15 and older) (1998)",74.705
"Labour force participation rate, male (% ages 15 and older) (1999)",74.09
"Labour force participation rate, male (% ages 15 and older) (2000)",74.22799999999999
"Labour force participation rate, male (% ages 15 and older) (2001)",74.202
"Labour force participation rate, male (% ages 15 and older) (2002)",74.913
"Labour force participation rate, male (% ages 15 and older) (2003)",74.70099999999999
"Labour force participation rate, male (% ages 15 and older) (2004)",75.04900000000001
"Labour force participation rate, male (% ages 15 and older) (2005)",74.67
"Labour force participation rate, male (% ages 15 and older) (2006)",74.355
"Labour force participation rate, male (% ages 15 and older) (2007)",74.265
"Labour force participation rate, male (% ages 15 and older) (2008)",73.595
"Labour force participation rate, male (% ages 15 and older) (2009)",73.027
"Labour force participation rate, male (% ages 15 and older) (2010)",72.958
"Labour force participation rate, male (% ages 15 and older) (2011)",73.093
"Labour force participation rate, male (% ages 15 and older) (2012)",73.22
"Labour force participation rate, male (% ages 15 and older) (2013)",73.264
"Labour force participation rate, male (% ages 15 and older) (2014)",74.09
"Labour force participation rate, male (% ages 15 and older) (2015)",74.10599999999999
"Labour force participation rate, male (% ages 15 and older) (2016)",73.94199999999999
"Labour force participation rate, male (% ages 15 and older) (2017)",73.98699999999999
"Labour force participation rate, male (% ages 15 and older) (2018)",73.636
"Labour force participation rate, male (% ages 15 and older) (2019)",73.456
"Labour force participation rate, male (% ages 15 and older) (2020)",72.602
"Labour force participation rate, male (% ages 15 and older) (2021)",72.44799999999999
Difference from HDI rank (2021),-4
Planetary pressures-adjusted Human Development Index (value) (1990),.662
Planetary pressures-adjusted Human Development Index (value) (1991),.66
Planetary pressures-adjusted Human Development Index (value) (1992),.66
Planetary pressures-adjusted Human Development Index (value) (1993),.667
Planetary pressures-adjusted Human Development Index (value) (1994),.664
Planetary pressures-adjusted Human Development Index (value) (1995),.661
Planetary pressures-adjusted Human Development Index (value) (1996),.666
Planetary pressures-adjusted Human Development Index (value) (1997),.673
Planetary pressures-adjusted Human Development Index (value) (1998),.704
Planetary pressures-adjusted Human Development Index (value) (1999),.694
Planetary pressures-adjusted Human Development Index (value) (2000),.6919999999999999
Planetary pressures-adjusted Human Development Index (value) (2001),.698
Planetary pressures-adjusted Human Development Index (value) (2002),.704
Planetary pressures-adjusted Human Development Index (value) (2003),.7
Planetary pressures-adjusted Human Development Index (value) (2004),.702
Planetary pressures-adjusted Human Development Index (value) (2005),.705
Planetary pressures-adjusted Human Development Index (value) (2006),.705
Planetary pressures-adjusted Human Development Index (value) (2007),.701
Planetary pressures-adjusted Human Development Index (value) (2008),.711
Planetary pressures-adjusted Human Development Index (value) (2009),.727
Planetary pressures-adjusted Human Development Index (value) (2010),.724
Planetary pressures-adjusted Human Development Index (value) (2011),.72
Planetary pressures-adjusted Human Development Index (value) (2012),.724
Planetary pressures-adjusted Human Development Index (value) (2013),.729
Planetary pressures-adjusted Human Development Index (value) (2014),.733
Planetary pressures-adjusted Human Development Index (value) (2015),.735
Planetary pressures-adjusted Human Development Index (value) (2016),.737
Planetary pressures-adjusted Human Development Index (value) (2017),.734
Planetary pressures-adjusted Human Development Index (value) (2018),.739
Planetary pressures-adjusted Human Development Index (value) (2019),.743
Planetary pressures-adjusted Human Development Index (value) (2020),.749
Planetary pressures-adjusted Human Development Index (value) (2021),.752
Difference from HDI value (%) (1990),10.1763907734057
Difference from HDI value (%) (1991),11.64658634538153
Difference from HDI value (%) (1992),12.46684350132625
Difference from HDI value (%) (1993),12.58191349934469
Difference from HDI value (%) (1994),14.10090556274256
Difference from HDI value (%) (1995),15.58109833971902
Difference from HDI value (%) (1996),16.01513240857503
Difference from HDI value (%) (1997),16.50124069478908
Difference from HDI value (%) (1998),12.43781094527364
Difference from HDI value (%) (1999),14.84662576687117
Difference from HDI value (%) (2000),16.12121212121212
Difference from HDI value (%) (2001),16.20648259303722
Difference from HDI value (%) (2002),16.19047619047619
Difference from HDI value (%) (2003),17.06161137440758
Difference from HDI value (%) (2004),17.6056338028169
Difference from HDI value (%) (2005),18.02325581395349
Difference from HDI value (%) (2006),18.59122401847575
Difference from HDI value (%) (2007),19.51779563719863
Difference from HDI value (%) (2008),18.74285714285715
Difference from HDI value (%) (2009),17.10376282782212
Difference from HDI value (%) (2010),18.65168539325843
Difference from HDI value (%) (2011),19.64285714285715
Difference from HDI value (%) (2012),19.28651059085842
Difference from HDI value (%) (2013),19.0899001109878
Difference from HDI value (%) (2014),19.09492273730685
Difference from HDI value (%) (2015),19.14191419141915
Difference from HDI value (%) (2016),19.18859649122807
Difference from HDI value (%) (2017),19.86899563318778
Difference from HDI value (%) (2018),19.58650707290533
Difference from HDI value (%) (2019),19.50162513542796
Difference from HDI value (%) (2020),18.76355748373102
Difference from HDI value (%) (2021),18.70270270270271
Carbon dioxide emissions per capita (production) (tonnes) (1990),5.835934916
Carbon dioxide emissions per capita (production) (tonnes) (1991),6.355464006
Carbon dioxide emissions per capita (production) (tonnes) (1992),6.842533487
Carbon dioxide emissions per capita (production) (tonnes) (1993),7.449452834
Carbon dioxide emissions per capita (production) (tonnes) (1994),7.939219555
Carbon dioxide emissions per capita (production) (tonnes) (1995),8.471508828999999
Carbon dioxide emissions per capita (production) (tonnes) (1996),9.204045759
Carbon dioxide emissions per capita (production) (tonnes) (1997),9.636931327999999
Carbon dioxide emissions per capita (production) (tonnes) (1998),8.117518035
Carbon dioxide emissions per capita (production) (tonnes) (1999),8.741433435999999
Carbon dioxide emissions per capita (production) (tonnes) (2000),9.297968703
Carbon dioxide emissions per capita (production) (tonnes) (2001),9.563645196
Carbon dioxide emissions per capita (production) (tonnes) (2002),9.933204161000001
Carbon dioxide emissions per capita (production) (tonnes) (2003),10.06932797
Carbon dioxide emissions per capita (production) (tonnes) (2004),10.15084081
Carbon dioxide emissions per capita (production) (tonnes) (2005),10.25776989
Carbon dioxide emissions per capita (production) (tonnes) (2006),10.32121614
Carbon dioxide emissions per capita (production) (tonnes) (2007),10.66398136
Carbon dioxide emissions per capita (production) (tonnes) (2008),10.85803645
Carbon dioxide emissions per capita (production) (tonnes) (2009),10.9272086
Carbon dioxide emissions per capita (production) (tonnes) (2010),12.02103652
Carbon dioxide emissions per capita (production) (tonnes) (2011),12.54465724
Carbon dioxide emissions per capita (production) (tonnes) (2012),12.56348126
Carbon dioxide emissions per capita (production) (tonnes) (2013),12.62851217
Carbon dioxide emissions per capita (production) (tonnes) (2014),12.46039675
Carbon dioxide emissions per capita (production) (tonnes) (2015),12.49852306
Carbon dioxide emissions per capita (production) (tonnes) (2016),12.53854951
Carbon dioxide emissions per capita (production) (tonnes) (2017),12.83352462
Carbon dioxide emissions per capita (production) (tonnes) (2018),13.12504023
Carbon dioxide emissions per capita (production) (tonnes) (2019),12.65047738
Carbon dioxide emissions per capita (production) (tonnes) (2020),11.65622391
Carbon dioxide emissions per capita (production) (tonnes) (2021),11.65622391
Material footprint per capita (tonnes) (1990),12.64
Material footprint per capita (tonnes) (1991),15.08
Material footprint per capita (tonnes) (1992),16.19
Material footprint per capita (tonnes) (1993),15.39
Material footprint per capita (tonnes) (1994),17.88
Material footprint per capita (tonnes) (1995),20.23
Material footprint per capita (tonnes) (1996),20.13
Material footprint per capita (tonnes) (1997),20.39
Material footprint per capita (tonnes) (1998),14.1
Material footprint per capita (tonnes) (1999),18.12
Material footprint per capita (tonnes) (2000),20.05
Material footprint per capita (tonnes) (2001),19.85
Material footprint per capita (tonnes) (2002),19.2
Material footprint per capita (tonnes) (2003),20.8
Material footprint per capita (tonnes) (2004),22.03
Material footprint per capita (tonnes) (2005),22.65
Material footprint per capita (tonnes) (2006),23.82
Material footprint per capita (tonnes) (2007),25.32
Material footprint per capita (tonnes) (2008),23.35
Material footprint per capita (tonnes) (2009),19.57
Material footprint per capita (tonnes) (2010),21.33
Material footprint per capita (tonnes) (2011),22.66
Material footprint per capita (tonnes) (2012),21.8
Material footprint per capita (tonnes) (2013),21.21
Material footprint per capita (tonnes) (2014),21.49
Material footprint per capita (tonnes) (2015),21.49
Material footprint per capita (tonnes) (2016),21.6
Material footprint per capita (tonnes) (2017),22.72
Material footprint per capita (tonnes) (2018),21.65
Material footprint per capita (tonnes) (2019),22.01
Material footprint per capita (tonnes) (2020),22.01
Material footprint per capita (tonnes) (2021),22.01